{
  "experiment": "S3_cross_pipeline_correlation",
  "chen_de_dir": "./data/faced/de_features",
  "daest_de_dir": "./data/faced/de_features_daest",
  "n_subjects": 123,
  "n_channels": 30,
  "n_bands": 5,
  "overall_mean_r": 0.5542608763306751,
  "overall_std_r": 0.16956933709786234,
  "per_band_mean_r": {
    "delta": 0.22500280417375995,
    "theta": 0.3374770280107356,
    "alpha": 0.3500767214016512,
    "beta": 0.5413382631880119,
    "gamma": 0.6204201146505787
  },
  "per_subject_overall_r": {
    "sub000": 0.548238685074985,
    "sub001": 0.5783344928383213,
    "sub002": 0.6557127121935246,
    "sub003": 0.1681691353383446,
    "sub004": 0.4480727001865817,
    "sub005": 0.6503003259124879,
    "sub006": 0.6019688267490263,
    "sub007": 0.43558485378386674,
    "sub008": 0.6029092107418397,
    "sub009": 0.515394327341209,
    "sub010": -0.0603360206982754,
    "sub011": 0.3835548056625628,
    "sub012": 0.5334684987564744,
    "sub013": 0.5197301192589597,
    "sub014": 0.6199496901815843,
    "sub015": 0.479263212550158,
    "sub016": 0.4536575072993149,
    "sub017": 0.5518157033528284,
    "sub018": 0.4893654372843049,
    "sub019": 0.6117831741532254,
    "sub020": 0.475599446560176,
    "sub021": 0.49797255762115245,
    "sub022": 0.6428496799906964,
    "sub023": -0.5899512206212087,
    "sub024": 0.4686535013346371,
    "sub025": 0.5910316348515381,
    "sub026": 0.5108222626758153,
    "sub027": 0.6033618060994997,
    "sub028": 0.3112315628926101,
    "sub029": 0.5253165694929555,
    "sub030": 0.011888614571604676,
    "sub031": 0.7078130828810059,
    "sub032": 0.6612223785335912,
    "sub033": 0.5479414643674534,
    "sub034": 0.6100947170989739,
    "sub035": 0.5921016452395415,
    "sub036": 0.7118724055767122,
    "sub037": 0.707514905747863,
    "sub038": 0.7397729051127196,
    "sub039": 0.7345757451894774,
    "sub040": 0.6842884332962118,
    "sub041": 0.6408949131311216,
    "sub042": 0.6861284210728734,
    "sub043": 0.6682656364067769,
    "sub044": 0.7640497192964635,
    "sub045": 0.6366408990247308,
    "sub046": 0.6970116741781902,
    "sub047": 0.7021020346439043,
    "sub048": 0.6836180930143827,
    "sub049": 0.81312304875086,
    "sub050": 0.6425330617172198,
    "sub051": 0.5672188976793412,
    "sub052": 0.5053318404017455,
    "sub053": 0.6736532493722616,
    "sub054": 0.5901037908512029,
    "sub055": 0.6423073515598158,
    "sub056": 0.19284949994125733,
    "sub057": 0.7163499395964885,
    "sub058": 0.6353897704273244,
    "sub059": 0.6311721187375381,
    "sub060": 0.49391400707299155,
    "sub061": 0.5395842958295055,
    "sub062": 0.5834177824587004,
    "sub063": 0.6756682260390764,
    "sub064": 0.44896759207525827,
    "sub065": 0.6399998180682503,
    "sub066": 0.6828736165560633,
    "sub067": 0.5590026588543361,
    "sub068": 0.6017314874028208,
    "sub069": 0.6768332724210141,
    "sub070": 0.48663630155895077,
    "sub071": 0.5059198677806017,
    "sub072": 0.6722582922297473,
    "sub073": 0.647703599162815,
    "sub074": 0.5815234568196731,
    "sub075": 0.610830254788329,
    "sub076": 0.6063984194423646,
    "sub077": 0.5437406467079464,
    "sub078": 0.5395430353552358,
    "sub079": 0.6646979353559747,
    "sub080": 0.5082859942032448,
    "sub081": 0.6663457949077704,
    "sub082": 0.5776948500405255,
    "sub083": 0.6013389988489325,
    "sub084": 0.3507630460915691,
    "sub085": 0.5486546322481228,
    "sub086": 0.5406637106875896,
    "sub087": 0.5562943042599546,
    "sub088": 0.6345546441558305,
    "sub089": 0.6735304393253301,
    "sub090": 0.6198961261038171,
    "sub091": 0.49556928994953486,
    "sub092": 0.6504293486372336,
    "sub093": 0.7163674581337197,
    "sub094": 0.6070757531669418,
    "sub095": 0.6380754624154304,
    "sub096": 0.5412282392489588,
    "sub097": 0.48779951856926784,
    "sub098": 0.4338152213051354,
    "sub099": 0.5316330063125341,
    "sub100": 0.5487259507741585,
    "sub101": 0.5159197437557809,
    "sub102": 0.5783515656277141,
    "sub103": 0.34615315915016365,
    "sub104": 0.5707229853121888,
    "sub105": 0.5405325787167231,
    "sub106": 0.601425847781521,
    "sub107": 0.7226186687957179,
    "sub108": 0.46427088033842384,
    "sub109": 0.2131842863182681,
    "sub110": 0.4857620511830511,
    "sub111": 0.6180160666560379,
    "sub112": 0.5568777126121711,
    "sub113": 0.5273916687254181,
    "sub114": 0.6917683292707758,
    "sub115": 0.8173664876813593,
    "sub116": 0.5184816149643157,
    "sub117": 0.634082600998365,
    "sub118": 0.4403690524056614,
    "sub119": 0.5086667984432244,
    "sub120": 0.4822083683313558,
    "sub121": 0.5991966976335477,
    "sub122": 0.4290788123281425
  },
  "skipped_subjects": []
}